,,,
Kas,Už ka,Kiek,Kada
mic,Farnell dalys sensoriui ir jo interfeisui,101,2017-03-08
mic,sensoriaus plokštės,75,2017-03-13
mic,Relės iš TME,54,2017-03-15
mic,Kontrolerio ir sensoriaus dalių komplektas,213,2017-03-16
mic,Lazerinis nuotolio matuoklis,303,2017-03-20
mic,Lazerinio matuoklio muitinimas,123,2017-03-28
mic,Reguliatoriai Murata,20,2017-03-20
mic,Dalys dar vienam sensoriui,61,2017-03-27
mic,Dalys dar 2 kontroleriam,155,2017-03-30
mic,3 kontrolerio ir 1 interfeiso plokštės,93,2017-03-29
mic,Už litavimą Linui,80,2017-04-04
mic,"Kabeliai, laidai, saugikliai",11,2017-04-01
mic,Grybas,7,2017-04-01
mic,"Laidai, kambrikai",15,2017-03-28
mic,Standoffai ir jungtys,34,2017-04-03
